Date,Close/Last,Volume,Open,High,Low
Date,Close/Last,Volume,Open,High,Low
07/21/2023,$39.80,1222097,$39.50,$39.92,$39.438
07/20/2023,$39.49,269912,$39.54,$39.715,$39.43
07/19/2023,$39.40,556078,$39.47,$39.68,$39.28
07/18/2023,$39.21,500392,$39.01,$39.40,$38.96
07/17/2023,$38.87,1896056,$39.00,$39.06,$38.83
07/14/2023,$39.36,1027202,$39.34,$39.49,$39.24
07/13/2023,$38.87,771319,$38.85,$39.02,$38.77
07/12/2023,$38.30,1046954,$38.05,$38.389,$38.01
07/11/2023,$37.52,622083,$37.56,$37.63,$37.42
07/10/2023,$37.33,628111,$37.24,$37.46,$37.21
07/07/2023,$37.17,971018,$37.37,$37.42,$37.15
07/06/2023,$37.79,669327,$37.76,$37.87,$37.57
07/05/2023,$38.49,1005115,$38.43,$38.53,$38.32
07/03/2023,$38.18,1502961,$38.44,$38.48,$38.0401
06/30/2023,$38.20,2500470,$38.304,$38.47,$38.11
06/29/2023,$38.11,1444764,$38.02,$38.17,$37.96
06/28/2023,$38.39,2653413,$38.33,$38.56,$38.28
06/27/2023,$39.66,3904009,$38.04,$40.15,$37.76
06/26/2023,$38.28,662433,$38.52,$38.52,$38.13
06/23/2023,$38.43,726569,$38.61,$38.84,$38.36
06/22/2023,$38.27,803156,$38.25,$38.44,$38.25
06/21/2023,$38.23,920624,$38.21,$38.38,$38.07
06/20/2023,$38.46,754518,$38.61,$38.64,$38.34
06/16/2023,$39.00,673596,$39.20,$39.33,$39.00
06/15/2023,$38.63,549373,$38.46,$38.70,$38.2801
06/14/2023,$38.09,633538,$38.31,$38.34,$38.01
06/13/2023,$38.73,1007434,$38.7606,$38.875,$38.6397
06/12/2023,$38.68,1967898,$38.84,$38.91,$38.50
06/09/2023,$39.15,5111729,$39.27,$39.2899,$38.97
06/08/2023,$39.40,2777617,$39.38,$39.64,$39.35
06/07/2023,$39.44,4934953,$40.05,$40.08,$39.36
06/06/2023,$40.21,2190148,$40.28,$40.32,$40.11
06/05/2023,$40.21,1879965,$40.15,$40.48,$40.11
06/02/2023,$40.39,865630,$40.345,$40.44,$40.1924
06/01/2023,$39.97,5514247,$39.79,$40.00,$39.72
05/31/2023,$39.59,9668003,$39.68,$39.69,$38.7125
05/30/2023,$39.85,4186791,$40.00,$40.10,$39.73
05/26/2023,$40.26,5171603,$40.02,$40.33,$40.02
05/25/2023,$39.90,6446178,$39.76,$39.97,$39.49
05/24/2023,$39.85,1077839,$39.95,$40.02,$39.70
05/23/2023,$39.65,955831,$39.83,$39.83,$39.57
05/22/2023,$39.76,1556434,$39.73,$39.94,$39.71
05/19/2023,$40.02,2049112,$39.67,$40.21,$39.64
05/18/2023,$39.59,1305434,$39.78,$40.00,$39.16
05/17/2023,$39.82,7325250,$39.45,$39.89,$39.25
05/16/2023,$39.31,4782800,$39.48,$39.50,$39.2075
05/15/2023,$39.79,1794275,$39.69,$39.85,$39.63
05/12/2023,$39.83,2443331,$39.67,$39.88,$39.63
05/11/2023,$39.56,828452,$39.46,$39.64,$39.2525
05/10/2023,$39.55,1667361,$39.62,$39.68,$39.30
05/09/2023,$39.80,861893,$39.55,$39.80,$39.52
05/08/2023,$39.96,1133493,$40.05,$40.06,$39.88
05/05/2023,$39.79,731174,$39.48,$39.90,$39.3099
05/04/2023,$39.64,3116899,$39.68,$39.7981,$39.58
05/03/2023,$39.54,2572013,$39.49,$39.74,$39.48
05/02/2023,$39.45,2424399,$39.01,$39.48,$39.00
05/01/2023,$39.25,1991546,$39.15,$39.44,$39.15
04/28/2023,$39.22,2128456,$39.12,$39.54,$39.12
04/27/2023,$38.66,1939035,$38.66,$38.73,$38.41
04/26/2023,$38.68,2399297,$39.17,$39.17,$38.57
04/25/2023,$39.85,1920341,$39.74,$39.91,$39.51
04/24/2023,$39.65,1502382,$39.40,$39.70,$39.32
04/21/2023,$39.47,1670154,$39.38,$39.48,$39.25
04/20/2023,$38.95,2199588,$38.86,$39.02,$38.7475
04/19/2023,$38.43,1988705,$38.38,$38.49,$38.23
04/18/2023,$38.54,3148224,$38.64,$38.68,$38.40
04/17/2023,$38.61,1867859,$38.73,$38.77,$38.57
04/14/2023,$38.73,1787703,$38.94,$38.98,$38.71
04/13/2023,$39.005,5409019,$38.81,$39.06,$38.81
04/12/2023,$38.49,3619995,$38.54,$38.82,$38.41
04/11/2023,$37.91,2244966,$37.70,$38.02,$37.65
04/10/2023,$38.05,1926855,$38.00,$38.46,$37.50
04/06/2023,$38.15,2692782,$37.98,$38.40,$37.96
04/05/2023,$37.16,1841904,$37.07,$37.25,$37.00
04/04/2023,$36.11,1459732,$35.70,$36.14,$35.66
04/03/2023,$35.82,1138160,$35.56,$35.86,$35.48
03/31/2023,$35.86,1367523,$35.60,$35.90,$35.59
03/30/2023,$35.80,2838327,$35.67,$35.85,$35.64
03/29/2023,$35.45,1965619,$35.34,$35.46,$35.13
03/28/2023,$34.88,1891731,$34.82,$34.89,$34.70
03/27/2023,$35.10,2103670,$34.93,$35.14,$34.90
03/24/2023,$35.37,2113589,$35.13,$35.38,$34.90
03/23/2023,$35.02,1905319,$35.22,$35.34,$34.94
03/22/2023,$35.31,1944898,$35.35,$35.58,$35.22
03/21/2023,$35.62,887497,$35.62,$35.68,$35.402
03/20/2023,$35.14,1397818,$35.29,$35.36,$35.14
03/17/2023,$35.07,1168587,$35.11,$35.29,$34.90
03/16/2023,$35.129,3372369,$35.129,$35.129,$35.129
03/15/2023,$35.96,1855811,$35.96,$36.60,$35.80
03/14/2023,$36.37,1503137,$36.38,$36.46,$36.24
03/13/2023,$36.35,2482413,$35.88,$36.54,$35.88
03/10/2023,$35.75,2740649,$35.76,$35.925,$35.55
03/09/2023,$35.13,3673440,$35.19,$35.27,$35.09
03/08/2023,$34.99,4053271,$35.28,$35.43,$34.97
03/07/2023,$35.37,4078107,$36.08,$36.10,$35.34
03/06/2023,$36.27,1064057,$36.31,$36.36,$36.10
03/03/2023,$36.50,782879,$36.51,$36.70,$36.42
03/02/2023,$36.40,1764775,$36.14,$36.49,$36.10
03/01/2023,$35.96,2203562,$36.16,$36.20,$35.91
02/28/2023,$36.05,2760163,$36.51,$36.53,$36.04
02/27/2023,$36.74,2945784,$36.66,$36.80,$36.55
02/24/2023,$36.81,2284616,$37.01,$37.075,$36.62
02/23/2023,$37.68,2165675,$37.44,$37.75,$37.34
02/22/2023,$37.93,2140159,$38.23,$38.25,$37.87
02/21/2023,$37.89,2277735,$37.87,$38.14,$37.69
02/17/2023,$37.88,2022311,$37.67,$37.89,$37.45
02/16/2023,$37.21,2607207,$37.29,$37.39,$37.15
02/15/2023,$37.61,1551057,$37.54,$37.66,$37.45
02/14/2023,$37.84,3284609,$38.00,$38.0297,$37.72
02/13/2023,$37.95,1852871,$37.93,$38.05,$37.79
02/10/2023,$38.11,1829867,$38.00,$38.26,$37.80
02/09/2023,$38.37,4652297,$38.75,$38.87,$38.11
02/08/2023,$38.87,1374885,$38.96,$39.17,$38.82
02/07/2023,$38.79,1597377,$38.48,$38.83,$38.40
02/06/2023,$38.35,2618584,$38.24,$38.40,$38.11
02/03/2023,$38.11,1719509,$38.20,$38.50,$38.00
02/02/2023,$37.66,3184060,$37.86,$37.91,$37.30
02/01/2023,$38.32,2528271,$38.23,$38.80,$37.705
01/31/2023,$39.15,1041790,$38.60,$39.15,$38.43
01/30/2023,$38.91,1961197,$39.06,$39.16,$38.90
01/27/2023,$39.29,1469955,$39.18,$39.425,$39.12
01/26/2023,$39.38,1099742,$39.93,$39.96,$39.18
01/25/2023,$40.05,2293759,$39.91,$40.14,$39.58
01/24/2023,$39.95,2052404,$39.75,$40.14,$39.69
01/23/2023,$40.18,1855725,$39.92,$40.19,$39.895
01/20/2023,$40.04,1183278,$39.98,$40.04,$39.76
01/19/2023,$40.23,1122554,$40.39,$40.43,$40.07
01/18/2023,$39.73,1555282,$40.83,$40.84,$39.67
01/17/2023,$39.91,2858669,$40.04,$40.131,$39.82
01/13/2023,$39.43,2198286,$39.20,$39.45,$39.14
01/12/2023,$38.83,1610137,$38.80,$39.02,$38.55
01/11/2023,$39.02,1845776,$39.14,$39.22,$38.95
01/10/2023,$39.56,904939,$39.52,$39.90,$39.49
01/09/2023,$39.38,1896967,$39.85,$39.92,$39.36
01/06/2023,$39.58,781146,$39.03,$39.74,$38.83
01/05/2023,$38.94,1127411,$39.11,$39.11,$38.75
01/04/2023,$39.89,1618293,$40.08,$40.14,$39.81
01/03/2023,$39.27,2237749,$39.27,$39.53,$38.90
12/30/2022,$39.15,1068573,$39.56,$39.615,$39.07
12/29/2022,$39.585,2651601,$39.67,$39.78,$39.57
12/28/2022,$39.17,1723880,$39.41,$39.61,$39.11
12/27/2022,$39.39,1112429,$39.70,$39.73,$39.39
12/23/2022,$39.39,888291,$39.49,$39.67,$39.31
12/22/2022,$39.52,1290833,$39.84,$39.86,$39.40
12/21/2022,$39.93,1033687,$39.87,$40.20,$39.84
12/20/2022,$39.85,1064164,$39.97,$40.12,$39.80
12/19/2022,$40.15,1230342,$40.41,$40.4699,$40.03
12/16/2022,$40.34,729638,$40.61,$40.81,$40.21
12/15/2022,$40.56,933026,$40.92,$41.00,$40.42
12/14/2022,$41.22,726180,$41.33,$41.71,$41.06
12/13/2022,$41.17,925520,$41.54,$41.62,$41.17
12/12/2022,$40.49,872670,$40.47,$40.635,$40.33
12/09/2022,$40.51,925998,$40.66,$40.81,$40.40
12/08/2022,$40.47,1070261,$39.95,$40.51,$39.84
12/07/2022,$39.95,1203763,$40.14,$40.33,$39.91
12/06/2022,$40.27,987868,$40.59,$40.64,$40.25
12/05/2022,$40.82,768924,$40.89,$41.21,$40.69
12/02/2022,$41.08,1042763,$41.01,$41.20,$40.85
12/01/2022,$41.14,1114236,$41.23,$41.39,$41.04
11/30/2022,$40.92,1981238,$40.83,$41.10,$40.36
11/29/2022,$40.66,600899,$40.56,$40.715,$40.44
11/28/2022,$41.09,1224489,$41.25,$41.59,$40.99
11/25/2022,$41.06,444522,$41.08,$41.23,$40.98
11/23/2022,$40.62,1039218,$40.28,$40.70,$40.25
11/22/2022,$39.86,899694,$40.09,$40.09,$39.80
11/21/2022,$39.91,1300999,$40.28,$40.3199,$39.90
11/18/2022,$40.15,1140711,$40.42,$40.47,$40.06
11/17/2022,$40.18,723676,$40.41,$40.52,$40.06
11/16/2022,$41.00,1461181,$41.43,$41.51,$41.00
11/15/2022,$41.36,2588320,$41.57,$41.87,$41.04
11/14/2022,$41.27,2288290,$41.12,$41.70,$41.02
11/11/2022,$43.25,657175,$42.74,$43.32,$42.58
11/10/2022,$42.53,1097631,$42.71,$42.95,$42.32
11/09/2022,$41.36,674199,$41.73,$41.91,$41.34
11/08/2022,$40.84,1121578,$40.99,$41.26,$40.815
11/07/2022,$40.83,782609,$40.78,$40.92,$40.64
11/04/2022,$41.05,1194246,$40.98,$41.25,$40.74
11/03/2022,$40.91,1038848,$40.47,$41.03,$40.45
11/02/2022,$41.19,1775010,$41.59,$41.99,$41.13
11/01/2022,$41.18,1096088,$41.66,$41.67,$40.92
10/31/2022,$41.34,1522974,$41.45,$41.685,$41.31
10/28/2022,$41.61,776971,$41.31,$41.75,$41.30
10/27/2022,$41.05,827191,$41.52,$41.57,$41.05
10/26/2022,$41.74,787080,$41.52,$42.00,$41.50
10/25/2022,$41.70,669787,$41.11,$41.76,$41.08
10/24/2022,$40.67,1175711,$40.77,$41.12,$40.66
10/21/2022,$40.76,960909,$39.95,$40.81,$39.86
10/20/2022,$40.06,818033,$40.17,$40.506,$40.01
10/19/2022,$40.50,740506,$40.85,$40.87,$40.32
10/18/2022,$41.08,1204558,$41.16,$41.295,$40.98
10/17/2022,$41.20,912982,$41.18,$41.50,$41.132
10/14/2022,$40.48,1517184,$40.71,$40.8875,$40.26
10/13/2022,$40.375,1487727,$39.52,$40.67,$39.52
10/12/2022,$40.08,1525298,$40.20,$40.49,$40.05
10/11/2022,$40.53,1087351,$40.37,$40.91,$40.205
10/10/2022,$39.97,2017955,$40.10,$40.19,$39.87
10/07/2022,$40.62,828507,$41.02,$41.07,$40.62
10/06/2022,$41.05,1440371,$41.09,$41.26,$40.7601
10/05/2022,$41.73,1667800,$41.62,$41.98,$41.46
10/04/2022,$42.43,1529617,$41.94,$42.48,$41.90
10/03/2022,$40.47,1857041,$40.77,$40.80,$40.44
09/30/2022,$40.62,1986635,$40.99,$41.31,$40.57
09/29/2022,$41.11,5466245,$40.98,$41.17,$40.53
09/28/2022,$41.75,5938349,$40.87,$41.95,$40.87
09/27/2022,$39.05,5086177,$39.32,$39.66,$38.99
09/26/2022,$38.69,2678014,$38.62,$38.85,$38.34
09/23/2022,$39.60,1657984,$39.95,$40.03,$39.22
09/22/2022,$40.04,2232972,$39.79,$40.15,$39.58
09/21/2022,$40.09,1311126,$40.97,$41.00,$40.04
09/20/2022,$41.10,533193,$41.32,$41.396,$40.91
09/19/2022,$41.77,1319859,$41.83,$41.93,$41.53
09/16/2022,$42.35,733513,$42.51,$42.69,$42.18
09/15/2022,$42.62,1066835,$42.74,$42.985,$42.58
09/14/2022,$42.00,1816183,$41.92,$42.22,$41.84
09/13/2022,$41.97,1498195,$42.08,$42.42,$41.80
09/12/2022,$42.185,1398739,$42.18,$42.54,$42.15
09/09/2022,$42.20,878877,$42.37,$42.48,$42.14
09/08/2022,$41.76,998694,$41.40,$41.89,$41.27
09/07/2022,$41.62,1441320,$40.98,$41.69,$40.92
09/06/2022,$40.93,1068574,$41.14,$41.27,$40.78
09/02/2022,$40.00,1488256,$40.20,$40.76,$39.93
09/01/2022,$40.29,1290145,$39.89,$40.31,$39.5775
08/31/2022,$40.44,1404240,$40.54,$40.64,$40.35
08/30/2022,$40.34,1046609,$40.79,$40.88,$40.29
08/29/2022,$40.55,1531282,$40.67,$40.83,$40.54
08/26/2022,$40.62,714986,$41.60,$41.73,$40.60
08/25/2022,$41.55,1001044,$41.10,$41.62,$41.03
08/24/2022,$41.04,685696,$40.96,$41.25,$40.87
08/23/2022,$41.26,900673,$41.20,$41.42,$41.07
08/22/2022,$41.81,1167868,$42.26,$42.41,$41.73
08/19/2022,$42.17,965954,$42.16,$42.34,$42.00
08/18/2022,$41.96,1340614,$42.01,$42.06,$41.67
08/17/2022,$41.64,1975849,$41.47,$41.93,$41.39
08/16/2022,$41.57,1180878,$41.31,$41.66,$41.11
08/15/2022,$42.28,1133177,$42.03,$42.31,$41.95
08/12/2022,$42.00,449802,$41.63,$42.07,$41.63
08/11/2022,$41.04,953165,$41.65,$41.8355,$41.04
08/10/2022,$42.09,810224,$42.12,$42.20,$41.83
08/09/2022,$41.55,701992,$41.69,$41.91,$41.53
08/08/2022,$41.36,737577,$41.23,$41.52,$41.13
08/05/2022,$41.16,660198,$41.20,$41.32,$40.89
08/04/2022,$41.20,826011,$41.13,$41.48,$41.075
08/03/2022,$41.57,812249,$41.57,$41.78,$41.37
08/02/2022,$41.28,1040644,$41.51,$41.62,$41.24
08/01/2022,$41.30,517594,$41.00,$41.56,$41.00
07/29/2022,$41.47,987631,$41.77,$41.79,$41.22
07/28/2022,$42.41,701065,$42.17,$42.6699,$41.86
07/27/2022,$42.64,887907,$42.59,$42.84,$42.11
07/26/2022,$42.93,1200395,$42.97,$43.23,$42.89
07/25/2022,$42.49,519504,$42.47,$42.59,$42.32
07/22/2022,$42.08,820791,$42.43,$42.59,$41.80
07/21/2022,$41.96,1432563,$41.53,$42.18,$41.42
07/20/2022,$42.18,1872187,$42.51,$42.55,$42.04
07/19/2022,$42.77,4274653,$42.81,$42.84,$42.39
07/18/2022,$41.80,1541786,$42.48,$42.50,$41.70
07/15/2022,$42.46,1549380,$42.05,$42.55,$41.95
07/14/2022,$41.43,1529467,$40.92,$41.56,$40.81
07/13/2022,$41.57,3307438,$41.20,$41.74,$41.17
07/12/2022,$41.63,845694,$41.77,$41.91,$41.58
07/11/2022,$41.55,1796074,$41.33,$41.80,$41.275
07/08/2022,$41.13,1503280,$40.93,$41.48,$40.91
07/07/2022,$41.81,800688,$41.87,$41.99,$41.6975
07/06/2022,$41.82,775238,$41.80,$41.94,$41.54
07/05/2022,$41.57,1070792,$41.28,$41.63,$41.12
07/01/2022,$42.01,561987,$41.50,$42.07,$41.39
06/30/2022,$41.71,1303523,$41.33,$41.91,$41.21
06/29/2022,$41.81,1411585,$41.82,$42.10,$41.72
06/28/2022,$41.36,2822603,$41.58,$41.71,$41.24
06/27/2022,$42.22,5103789,$41.69,$42.36,$41.56
06/24/2022,$41.64,2231102,$41.44,$41.77,$41.34
06/23/2022,$40.01,731495,$39.75,$40.08,$39.72
06/22/2022,$39.64,1551825,$39.14,$39.849,$39.12
06/21/2022,$38.97,1180473,$39.01,$39.1999,$38.8705
06/17/2022,$38.97,1059297,$39.31,$39.50,$38.75
06/16/2022,$39.14,1302093,$38.81,$39.27,$38.62
06/15/2022,$38.53,981923,$38.26,$38.81,$38.00
06/14/2022,$38.21,1957477,$38.79,$38.87,$37.88
06/13/2022,$38.60,1450082,$38.85,$39.05,$38.40
06/10/2022,$39.58,1882141,$39.61,$39.92,$39.41
06/09/2022,$40.25,1239202,$41.08,$41.25,$40.25
06/08/2022,$40.61,777496,$40.80,$41.15,$40.592
06/07/2022,$40.94,2501071,$40.51,$41.03,$40.51
06/06/2022,$41.23,813013,$40.52,$42.56,$40.51
06/03/2022,$41.55,850140,$41.82,$41.925,$41.52
06/02/2022,$42.25,1813558,$42.21,$42.30,$41.85
06/01/2022,$41.76,1007691,$42.51,$42.51,$41.65
05/31/2022,$42.54,3510565,$42.71,$42.80,$42.46
05/27/2022,$43.06,1347120,$43.15,$43.23,$42.88
05/26/2022,$43.33,1594134,$43.48,$43.87,$43.11
05/25/2022,$42.99,2119611,$43.36,$43.46,$42.96
05/24/2022,$43.225,4564136,$42.90,$43.344,$42.81
05/23/2022,$41.86,9109681,$41.56,$42.10,$41.56
05/20/2022,$41.11,8161389,$40.93,$41.16,$40.72
05/19/2022,$40.74,7703413,$40.47,$41.00,$40.43
05/18/2022,$40.34,4268431,$40.55,$40.67,$40.27
05/17/2022,$40.37,1209724,$40.85,$40.8899,$40.29
05/16/2022,$40.12,4189152,$39.93,$40.32,$39.88
05/13/2022,$39.75,3613003,$39.43,$39.80,$39.32
05/12/2022,$39.54,7242635,$40.45,$40.505,$39.40
05/11/2022,$40.56,4606604,$41.16,$41.51,$40.51
05/10/2022,$44.62,1518004,$44.42,$44.83,$44.16
05/09/2022,$43.60,2145671,$43.68,$43.78,$43.16
05/06/2022,$43.94,1661210,$43.87,$44.29,$43.54
05/05/2022,$43.75,1708083,$44.41,$44.51,$43.53
05/04/2022,$45.01,1399150,$44.81,$45.12,$44.00
05/03/2022,$45.13,1723974,$45.51,$45.64,$45.03
05/02/2022,$45.50,1218416,$46.10,$46.17,$45.05
04/29/2022,$46.18,655133,$46.86,$47.16,$46.13
04/28/2022,$46.58,890693,$46.50,$46.79,$46.36
04/27/2022,$47.00,846743,$47.04,$47.31,$46.716
04/26/2022,$46.25,1746009,$46.87,$46.88,$46.22
04/25/2022,$48.08,2214470,$47.58,$48.16,$47.33
04/22/2022,$47.88,6354910,$48.52,$48.65,$47.76
04/21/2022,$47.47,7626995,$48.45,$48.50,$47.39
04/20/2022,$49.15,1900011,$49.35,$49.69,$49.13
04/19/2022,$49.67,1133971,$50.01,$50.21,$49.62
04/18/2022,$51.356,550857,$51.85,$51.85,$51.23
04/14/2022,$51.63,407583,$52.16,$52.20,$51.63
04/13/2022,$52.26,507563,$52.22,$52.42,$51.9801
04/12/2022,$52.05,1803218,$52.58,$52.72,$51.94
04/11/2022,$53.25,3107189,$53.55,$53.86,$53.20
04/08/2022,$53.44,5837627,$52.84,$53.61,$52.69
04/07/2022,$53.24,5959467,$52.80,$53.43,$52.624
04/06/2022,$52.63,1421370,$52.18,$52.80,$52.08
04/05/2022,$51.75,670244,$51.72,$52.09,$51.6375
04/04/2022,$51.61,4723288,$51.19,$51.855,$51.17
04/01/2022,$50.49,2626607,$49.99,$50.58,$49.82
03/31/2022,$49.41,710460,$50.14,$50.30,$49.39
03/30/2022,$50.06,2399976,$50.06,$50.31,$49.98
03/29/2022,$50.15,882530,$50.28,$50.38,$49.76
03/28/2022,$50.11,1141215,$49.92,$50.19,$49.74
03/25/2022,$50.51,2329229,$50.11,$50.59,$49.92
03/24/2022,$50.10,639144,$49.85,$50.19,$49.70
03/23/2022,$49.10,2842642,$49.13,$49.37,$48.89
03/22/2022,$49.08,1480533,$48.88,$49.42,$48.83
03/21/2022,$48.92,1083596,$48.94,$49.34,$48.88
03/18/2022,$49.15,1677258,$48.54,$49.25,$48.46
03/17/2022,$48.083,1616150,$48.083,$48.083,$48.083
03/16/2022,$48.06,974044,$48.00,$48.2871,$47.02
03/15/2022,$47.85,1887591,$47.88,$48.14,$47.45
03/14/2022,$47.28,1398128,$47.53,$48.04,$47.25
03/11/2022,$46.42,634012,$47.50,$47.56,$46.41
03/10/2022,$46.96,1108241,$47.09,$47.45,$46.839
03/09/2022,$47.97,1640431,$47.01,$48.25,$46.72
03/08/2022,$46.31,1412022,$46.14,$47.19,$45.58
03/07/2022,$45.31,1255336,$46.10,$46.21,$45.26
03/04/2022,$46.04,1126567,$45.57,$46.25,$45.39
03/03/2022,$46.33,1054557,$46.92,$47.00,$46.14
03/02/2022,$47.02,1098214,$46.86,$47.1699,$46.72
03/01/2022,$47.41,1312967,$47.25,$47.73,$47.16
02/28/2022,$47.23,1111788,$47.61,$47.87,$46.99
02/25/2022,$47.63,855305,$46.76,$47.63,$46.72
02/24/2022,$46.42,1080785,$45.51,$46.52,$45.48
02/23/2022,$46.51,1519180,$47.51,$47.54,$46.42
02/22/2022,$46.67,921401,$46.62,$46.88,$46.35
02/18/2022,$46.34,418192,$46.85,$46.85,$46.25
02/17/2022,$46.67,802366,$47.00,$47.0299,$46.65
02/16/2022,$47.57,594288,$47.17,$47.60,$47.15
02/15/2022,$46.92,1201629,$46.99,$47.12,$46.77
02/14/2022,$46.23,1054618,$46.50,$46.568,$46.00
02/11/2022,$46.72,471208,$47.41,$47.5799,$46.61
02/10/2022,$47.68,613045,$47.77,$48.265,$47.64
02/09/2022,$48.19,1012579,$48.22,$48.445,$48.06
02/08/2022,$47.06,696284,$47.00,$47.10,$46.78
02/07/2022,$46.74,695064,$46.44,$46.90,$46.3401
02/04/2022,$46.70,2018055,$47.00,$47.15,$46.54
02/03/2022,$47.11,724008,$47.33,$47.47,$47.10
02/02/2022,$48.77,698349,$48.61,$48.95,$48.469
02/01/2022,$49.00,1506609,$48.94,$49.00,$48.68
01/31/2022,$48.59,1122834,$48.10,$48.64,$47.83
01/28/2022,$48.31,1462932,$47.61,$48.35,$47.45
01/27/2022,$47.70,1671258,$46.97,$47.87,$46.95
01/26/2022,$47.00,1310126,$47.73,$47.87,$46.60
01/25/2022,$47.15,1235646,$47.19,$47.48,$46.82
01/24/2022,$47.80,1536422,$48.02,$48.03,$46.71
01/21/2022,$49.12,1350076,$49.73,$49.75,$49.12
01/20/2022,$49.40,1551305,$49.84,$50.0499,$49.38
01/19/2022,$50.02,2808182,$49.68,$50.20,$49.64
01/18/2022,$50.03,2959848,$49.65,$50.25,$49.58
01/14/2022,$50.30,2234528,$50.21,$50.51,$49.85
01/13/2022,$49.48,721182,$50.01,$50.12,$49.47
01/12/2022,$50.10,824466,$50.15,$50.38,$50.03
01/11/2022,$51.01,1040331,$50.79,$51.027,$50.61
01/10/2022,$50.67,1507147,$50.70,$50.80,$50.15
01/07/2022,$51.78,2317210,$50.78,$51.79,$50.78
01/06/2022,$50.34,729815,$50.78,$50.83,$50.30
01/05/2022,$50.49,1005582,$51.11,$51.33,$50.49
01/04/2022,$50.72,867891,$50.66,$50.90,$50.39
01/03/2022,$51.66,273832,$51.72,$51.77,$51.31
12/31/2021,$51.69,380068,$51.53,$52.05,$51.50
12/30/2021,$51.66,600925,$52.10,$52.21,$51.57
12/29/2021,$52.30,262926,$51.98,$52.35,$51.90
12/28/2021,$52.30,440564,$52.28,$52.47,$52.05
12/27/2021,$51.96,294273,$51.80,$52.00,$51.66
12/23/2021,$51.17,2197227,$51.09,$51.27,$51.00
12/22/2021,$51.52,880643,$50.97,$51.63,$50.93
12/21/2021,$51.52,1041446,$51.01,$51.63,$50.81
12/20/2021,$50.89,1058951,$51.15,$51.25,$50.67
12/17/2021,$51.19,709056,$51.04,$51.38,$51.01
12/16/2021,$51.30,751065,$51.24,$51.59,$51.17
12/15/2021,$50.62,830017,$49.86,$50.68,$49.74
12/14/2021,$49.37,803799,$50.07,$50.28,$49.28
12/13/2021,$50.64,503236,$50.99,$51.19,$50.64
12/10/2021,$51.12,482844,$51.09,$51.26,$50.97
12/09/2021,$50.47,304415,$50.45,$50.68,$50.41
12/08/2021,$50.68,542946,$50.67,$50.83,$50.32
12/07/2021,$49.77,635777,$49.24,$49.88,$49.23
12/06/2021,$49.73,444649,$50.00,$50.14,$49.56
12/03/2021,$49.35,556951,$49.84,$49.94,$49.08
12/02/2021,$49.515,575394,$49.51,$49.58,$49.245
12/01/2021,$49.14,537130,$49.34,$49.87,$49.13
11/30/2021,$48.78,477793,$48.75,$49.0501,$48.295
11/29/2021,$48.33,555872,$48.31,$48.61,$48.26
11/26/2021,$48.41,253133,$48.77,$48.92,$48.32
11/24/2021,$48.33,743813,$48.02,$48.46,$47.95
11/23/2021,$48.14,873617,$48.10,$48.18,$47.77
11/22/2021,$48.9411,337882,$49.41,$49.485,$48.94
11/19/2021,$49.75,387963,$50.32,$50.33,$49.72
11/18/2021,$49.82,545384,$49.79,$50.13,$49.665
11/17/2021,$49.86,576412,$49.63,$50.03,$49.61
11/16/2021,$49.61,402717,$49.64,$49.77,$49.61
11/15/2021,$49.7103,1184061,$49.85,$50.12,$49.69
11/12/2021,$50.05,507962,$50.14,$50.19,$49.88
11/11/2021,$50.39,531472,$50.29,$50.47,$50.14
11/10/2021,$50.22,615538,$50.89,$51.00,$50.21
11/09/2021,$50.43,484592,$50.45,$50.49,$50.19
11/08/2021,$50.21,673593,$50.20,$50.35,$50.01
11/05/2021,$50.20,945816,$49.90,$50.32,$49.804
11/04/2021,$51.02,2257273,$50.95,$51.05,$50.56
11/03/2021,$50.45,674961,$50.20,$50.65,$50.09
11/02/2021,$50.07,662248,$49.94,$50.36,$49.78
11/01/2021,$49.34,505284,$48.79,$49.39,$48.70
10/29/2021,$48.33,415659,$48.30,$48.53,$48.24
10/28/2021,$48.75,588211,$48.87,$48.89,$48.37
10/27/2021,$48.04,571962,$48.54,$48.57,$48.04
10/26/2021,$48.53,592648,$48.17,$48.63,$48.17
10/25/2021,$48.48,483340,$48.57,$48.6965,$48.26
10/22/2021,$48.74,1020097,$48.26,$48.79,$48.00
10/21/2021,$48.84,695599,$48.49,$48.91,$48.31
10/20/2021,$47.76,1004786,$48.00,$48.24,$47.70
10/19/2021,$48.55,609514,$48.12,$48.70,$48.11
10/18/2021,$49.16,718150,$49.008,$49.26,$48.86
10/15/2021,$48.92,473499,$48.39,$48.93,$48.37
10/14/2021,$48.25,347117,$48.20,$48.45,$48.14
10/13/2021,$48.22,527102,$48.12,$48.4125,$48.11
10/12/2021,$48.23,635906,$48.33,$48.36,$48.07
10/11/2021,$48.83,729084,$48.95,$49.11,$48.80
10/08/2021,$49.89,2660276,$48.38,$49.92,$48.30
10/07/2021,$48.05,1162276,$47.89,$48.19,$47.83
10/06/2021,$47.23,795111,$46.84,$47.35,$46.6595
10/05/2021,$46.70,1801844,$46.90,$47.055,$46.65
10/04/2021,$47.46,920565,$47.13,$47.50,$47.07
10/01/2021,$46.65,662385,$46.11,$46.76,$45.95
09/30/2021,$45.47,664255,$45.63,$45.87,$45.47
09/29/2021,$45.18,1251779,$45.36,$45.425,$45.12
09/28/2021,$44.81,803102,$45.38,$45.50,$44.59
09/27/2021,$45.61,464445,$45.635,$45.765,$45.50
09/24/2021,$46.01,376764,$46.02,$46.22,$45.86
09/23/2021,$46.42,372863,$46.32,$46.615,$46.32
09/22/2021,$46.11,984815,$46.00,$46.32,$45.75
09/21/2021,$45.97,794901,$45.82,$46.12,$45.80
09/20/2021,$45.57,651618,$45.35,$45.94,$45.31
09/17/2021,$46.07,1825044,$46.36,$46.40,$45.88
09/16/2021,$46.82,506030,$46.82,$46.8999,$46.48
09/15/2021,$46.86,781520,$46.921,$46.95,$46.63
09/14/2021,$46.75,838280,$46.83,$47.19,$46.73
09/13/2021,$46.31,1041020,$46.69,$46.74,$46.2669
09/10/2021,$46.69,1941245,$47.38,$47.42,$46.63
09/09/2021,$47.19,2126244,$48.04,$48.19,$47.17
09/08/2021,$48.49,526897,$48.70,$48.84,$48.43
09/07/2021,$49.19,732474,$49.66,$49.67,$49.19
09/03/2021,$49.75,644220,$49.75,$49.935,$49.57
09/02/2021,$49.84,3939378,$50.07,$50.17,$49.67
09/01/2021,$49.94,1960088,$50.30,$50.39,$49.92
08/31/2021,$50.22,1020268,$50.83,$50.8555,$50.11
08/30/2021,$49.75,569630,$49.80,$49.97,$49.7201
08/27/2021,$50.03,832075,$49.87,$50.29,$49.80
08/26/2021,$49.64,286694,$49.79,$49.91,$49.56
08/25/2021,$49.50,627109,$49.36,$49.62,$49.19
08/24/2021,$50.00,1594974,$50.29,$50.29,$49.98
08/23/2021,$50.37,1078414,$50.24,$50.44,$50.15
08/20/2021,$50.30,1204828,$50.20,$50.39,$50.03
08/19/2021,$50.76,1049195,$50.13,$50.76,$50.09
08/18/2021,$50.47,1486027,$50.93,$51.05,$50.46
08/17/2021,$50.53,689016,$50.54,$50.75,$50.35
08/16/2021,$50.59,649177,$50.26,$50.67,$50.1797
08/13/2021,$50.165,641340,$49.96,$50.33,$49.96
08/12/2021,$49.74,868922,$49.73,$49.8951,$49.59
08/11/2021,$49.66,378651,$50.03,$50.10,$49.66
08/10/2021,$49.56,1163159,$49.58,$49.67,$49.26
08/09/2021,$49.07,1152680,$49.24,$49.35,$48.84
08/06/2021,$48.51,2084663,$48.34,$48.60,$48.04
08/05/2021,$49.39,1673984,$49.06,$49.4376,$49.04
08/04/2021,$48.70,1617416,$49.15,$49.33,$48.63
08/03/2021,$48.80,1027242,$48.735,$48.81,$48.62
08/02/2021,$48.54,829570,$48.40,$48.70,$48.12
07/30/2021,$48.26,417571,$48.24,$48.32,$48.07
07/29/2021,$47.76,551074,$48.12,$48.26,$47.74
07/28/2021,$47.64,348574,$47.23,$47.68,$47.15
07/27/2021,$47.30,1413792,$47.26,$47.35,$47.03
07/26/2021,$46.76,1725426,$46.78,$47.0285,$46.64
07/23/2021,$47.03,921005,$46.93,$47.25,$46.82
07/22/2021,$46.42,1237822,$46.41,$46.78,$46.29
07/21/2021,$48.49,337987,$48.33,$48.55,$48.18
07/20/2021,$48.08,624891,$48.20,$48.41,$47.94
07/19/2021,$48.55,561620,$48.28,$48.68,$48.19
07/16/2021,$48.63,709470,$48.44,$48.785,$48.36
07/15/2021,$48.40,641886,$48.60,$48.669,$48.19
07/14/2021,$48.46,670200,$48.28,$48.54,$48.14
07/13/2021,$48.27,1506624,$48.32,$48.55,$48.24
07/12/2021,$48.535,1442446,$48.50,$48.60,$48.33
07/09/2021,$48.14,981542,$47.86,$48.29,$47.82
07/08/2021,$48.32,722723,$48.13,$48.40,$48.02
07/07/2021,$47.97,574446,$47.84,$48.10,$47.75
07/06/2021,$47.82,753487,$47.809,$47.87,$47.615
07/02/2021,$47.48,992356,$47.15,$47.50,$47.02
07/01/2021,$47.37,1670381,$47.29,$47.64,$47.1373
06/30/2021,$46.99,2124416,$47.279,$47.46,$46.83
06/29/2021,$47.39,1633339,$47.21,$47.46,$47.1445
06/28/2021,$47.47,1736781,$47.21,$47.56,$47.17
06/25/2021,$46.97,756919,$47.08,$47.09,$46.88
06/24/2021,$46.60,1058526,$46.72,$47.02,$46.55
06/23/2021,$46.13,954719,$46.92,$46.94,$46.12
06/22/2021,$46.80,544118,$47.033,$47.086,$46.76
06/21/2021,$47.48,846456,$47.14,$47.56,$47.00
06/18/2021,$47.08,1606673,$47.11,$47.40,$46.85
06/17/2021,$47.49,622567,$47.50,$47.66,$47.32
06/16/2021,$47.81,602009,$48.00,$48.38,$47.78
06/15/2021,$47.77,388716,$47.71,$47.94,$47.58
06/14/2021,$47.66,692914,$47.54,$47.66,$47.325
06/11/2021,$47.56,2129334,$47.71,$47.72,$47.47
06/10/2021,$47.78,5804309,$47.38,$47.78,$47.34
06/09/2021,$47.45,1080172,$46.95,$47.53,$46.93
06/08/2021,$45.93,1648718,$46.13,$46.20,$45.88
06/07/2021,$45.93,2182727,$44.56,$46.36,$44.46
06/04/2021,$44.40,1221266,$44.36,$44.52,$44.25
06/03/2021,$43.70,1212241,$43.47,$43.74,$43.39
06/02/2021,$43.25,807510,$43.44,$43.57,$43.24
06/01/2021,$43.33,546801,$43.89,$43.91,$43.11
05/28/2021,$43.76,620280,$43.63,$44.03,$43.59
05/27/2021,$43.49,645571,$43.69,$43.81,$43.34
05/26/2021,$43.69,536348,$43.79,$43.83,$43.58
05/25/2021,$43.57,757306,$43.69,$43.736,$43.47
05/24/2021,$43.16,697404,$42.87,$43.47,$42.87
05/21/2021,$43.25,1957566,$43.03,$43.32,$43.00
05/20/2021,$42.93,514502,$42.56,$43.00,$42.53
05/19/2021,$42.22,750645,$42.21,$42.48,$42.06
05/18/2021,$42.72,760947,$42.75,$45.00,$42.56
05/17/2021,$42.20,534593,$42.20,$42.46,$42.14
05/14/2021,$42.13,1214982,$41.81,$42.22,$41.81
05/13/2021,$41.70,843742,$41.25,$41.93,$41.25
05/12/2021,$41.20,867029,$41.31,$41.65,$41.20
05/11/2021,$41.36,2190327,$41.12,$41.47,$41.12
05/10/2021,$41.58,1759421,$41.85,$41.95,$41.43
05/07/2021,$42.13,1295509,$41.76,$42.1576,$41.72
05/06/2021,$41.27,2770197,$41.03,$41.31,$41.00
05/05/2021,$40.87,4392114,$41.06,$41.15,$40.83
05/04/2021,$40.73,1951773,$40.79,$40.89,$40.60
05/03/2021,$41.35,942753,$41.29,$41.48,$41.20
04/30/2021,$40.71,901401,$41.21,$41.30,$40.59
04/29/2021,$41.27,3986165,$41.45,$41.48,$41.05
04/28/2021,$41.50,1815246,$41.37,$41.64,$41.18
04/27/2021,$41.85,1603934,$41.78,$41.88,$41.55
04/26/2021,$41.78,2080084,$41.93,$41.99,$41.69
04/23/2021,$42.37,711091,$42.49,$42.53,$42.1875
04/22/2021,$42.52,863369,$42.82,$42.86,$42.40
04/21/2021,$43.19,1380749,$42.76,$43.35,$42.50
04/20/2021,$42.02,953854,$42.14,$42.23,$41.97
04/19/2021,$42.28,785690,$42.33,$42.42,$42.17
04/16/2021,$42.11,897954,$41.75,$42.24,$41.62
04/15/2021,$41.85,767001,$41.909,$42.30,$41.76
04/14/2021,$41.64,927663,$41.91,$42.03,$41.61
04/13/2021,$41.69,1424692,$41.41,$41.77,$41.31
04/12/2021,$41.57,1010840,$41.71,$41.72,$41.37
04/09/2021,$41.93,812304,$41.45,$41.95,$41.40
04/08/2021,$41.40,673277,$41.27,$41.52,$41.23
04/07/2021,$40.63,788429,$40.698,$40.80,$40.48
04/06/2021,$40.86,1118478,$40.80,$41.12,$40.73
04/05/2021,$41.45,1051498,$41.169,$41.56,$40.92
04/01/2021,$40.77,1316079,$40.50,$40.80,$40.40
03/31/2021,$40.56,1701959,$40.58,$40.80,$40.50
03/30/2021,$40.25,4151535,$40.31,$40.38,$40.00
03/29/2021,$40.38,3244355,$40.321,$40.57,$40.32
03/26/2021,$40.45,2392479,$40.38,$40.48,$39.99
03/25/2021,$40.65,1058022,$41.001,$41.03,$40.4598
03/24/2021,$40.66,1377022,$40.59,$40.89,$40.46
03/23/2021,$41.15,1428259,$41.39,$41.52,$40.95
03/22/2021,$42.50,1094897,$42.07,$42.72,$42.06
03/19/2021,$41.20,1526692,$41.23,$41.51,$41.07
03/18/2021,$40.97,1130583,$40.57,$41.39,$40.57
03/17/2021,$42.44,1583042,$42.028,$42.55,$41.54
03/16/2021,$41.96,1545896,$42.153,$42.25,$41.84
03/15/2021,$42.05,1030017,$41.416,$42.15,$41.37
03/12/2021,$41.03,845058,$41.062,$41.10,$40.79
03/11/2021,$41.68,1578104,$41.57,$41.83,$41.42
03/10/2021,$41.95,1158316,$42.23,$42.27,$41.74
03/09/2021,$41.115,4123155,$40.71,$41.25,$40.71
03/08/2021,$40.12,1737983,$40.24,$40.59,$40.08
03/05/2021,$40.59,2185854,$40.32,$40.6299,$39.80
03/04/2021,$40.50,3034795,$40.87,$41.13,$40.24
03/03/2021,$40.35,1806671,$40.57,$40.71,$40.19
03/02/2021,$41.05,1383652,$41.19,$41.35,$40.95
03/01/2021,$40.97,1267846,$40.76,$41.18,$40.70
02/26/2021,$41.10,1591831,$41.42,$41.44,$40.91
02/25/2021,$40.58,1535564,$41.434,$41.45,$40.28
02/24/2021,$41.56,817041,$41.455,$41.86,$41.30
02/23/2021,$41.45,1199248,$41.508,$41.675,$41.31
02/22/2021,$42.01,1674702,$42.20,$42.27,$42.00
02/19/2021,$42.17,719412,$42.578,$42.595,$42.14
02/18/2021,$42.84,1195877,$42.76,$43.00,$42.64
02/17/2021,$42.75,2645398,$43.00,$43.07,$42.58
02/16/2021,$43.47,2668403,$43.922,$43.965,$43.45
02/12/2021,$43.73,2417908,$43.72,$44.05,$43.70
02/11/2021,$43.71,3050496,$43.74,$43.97,$43.60
02/10/2021,$43.66,2829900,$43.83,$43.94,$43.41
02/09/2021,$43.85,1493718,$43.38,$43.95,$43.3204
02/08/2021,$42.82,1282906,$42.97,$43.21,$42.70
02/05/2021,$42.955,2404777,$43.15,$43.242,$42.72
02/04/2021,$43.70,3169619,$42.81,$43.85,$42.75
02/03/2021,$43.25,1766166,$43.096,$43.45,$42.75
02/02/2021,$43.38,3041767,$43.529,$43.61,$43.28
02/01/2021,$43.50,1362715,$43.76,$43.78,$43.50
01/29/2021,$43.41,3669250,$43.44,$43.62,$42.92
01/28/2021,$44.57,2224540,$44.72,$45.09,$44.57
01/27/2021,$44.47,2239631,$45.19,$45.30,$44.45
01/26/2021,$45.70,2029212,$45.63,$45.80,$45.37
01/25/2021,$45.70,1185114,$45.27,$45.76,$45.18
01/22/2021,$45.18,1358343,$44.89,$45.28,$44.855
01/21/2021,$44.96,3053290,$45.02,$45.02,$44.6765
01/20/2021,$45.19,2383266,$44.84,$45.31,$44.82
01/19/2021,$44.98,3643190,$44.81,$44.98,$44.63
01/15/2021,$44.56,2197266,$44.22,$44.71,$44.18
01/14/2021,$43.95,3007492,$43.95,$44.15,$43.85
01/13/2021,$44.02,3213930,$43.72,$44.12,$43.60
01/12/2021,$44.13,2092227,$43.985,$44.17,$43.90
01/11/2021,$43.83,1897777,$43.58,$44.14,$43.54
01/08/2021,$42.64,2544958,$42.49,$42.81,$42.276
01/07/2021,$42.25,3552156,$42.47,$42.51,$42.14
01/06/2021,$43.01,1911352,$42.795,$43.31,$42.78
01/05/2021,$43.77,3655681,$43.77,$43.95,$43.31
01/04/2021,$43.88,2738548,$43.98,$44.07,$43.58
12/31/2020,$43.84,669851,$43.70,$43.95,$43.64
12/30/2020,$43.84,1275517,$43.59,$44.00,$43.56
12/29/2020,$43.31,2698990,$43.332,$43.62,$43.26
12/28/2020,$43.04,1237212,$42.99,$43.10,$42.87
12/24/2020,$42.55,721665,$42.46,$42.65,$42.35
12/23/2020,$42.49,1841599,$42.752,$42.80,$42.38
12/22/2020,$42.83,3065842,$43.07,$43.07,$42.73
12/21/2020,$43.19,2388965,$42.91,$43.27,$42.415
12/18/2020,$43.97,4429511,$43.82,$43.99,$43.66
12/17/2020,$43.66,2045282,$43.80,$43.86,$43.60
12/16/2020,$43.51,1292328,$43.28,$43.66,$43.124
12/15/2020,$43.01,925315,$42.93,$43.06,$42.68
12/14/2020,$42.68,1137216,$42.87,$43.15,$42.67
12/11/2020,$43.21,1429672,$42.98,$43.30,$42.855
12/10/2020,$43.18,881977,$43.22,$43.41,$43.04
12/09/2020,$43.31,965137,$43.19,$43.34,$42.87
12/08/2020,$42.84,1786755,$41.90,$42.95,$41.85
12/07/2020,$42.745,700786,$42.62,$42.85,$42.58
12/04/2020,$42.68,1147006,$42.20,$42.68,$42.19
12/03/2020,$41.76,997353,$42.14,$42.22,$41.70
12/02/2020,$42.17,901857,$42.24,$42.47,$42.0461
12/01/2020,$41.73,3101945,$41.20,$41.75,$41.20
11/30/2020,$40.82,2235045,$41.71,$41.82,$40.81
11/27/2020,$41.73,783388,$41.41,$41.79,$41.32
11/25/2020,$41.30,1504067,$41.47,$41.585,$41.17
11/24/2020,$40.98,1596029,$41.07,$41.27,$40.89
11/23/2020,$41.225,1491879,$41.79,$41.83,$41.16
11/20/2020,$41.68,1666601,$41.48,$41.78,$41.42
11/19/2020,$41.92,2729866,$41.91,$41.99,$41.47
11/18/2020,$41.92,1033009,$42.35,$42.48,$41.92
11/17/2020,$42.16,1114693,$42.63,$42.64,$42.12
11/16/2020,$42.56,1197436,$42.71,$42.90,$42.51
11/13/2020,$42.95,820664,$42.93,$43.08,$42.65
11/12/2020,$42.65,1183068,$42.91,$43.08,$42.59
11/11/2020,$42.56,1810261,$42.98,$43.00,$42.35
11/10/2020,$41.46,1281222,$42.02,$42.02,$41.46
11/09/2020,$42.02,2152059,$42.61,$42.70,$42.00
11/06/2020,$44.14,1872518,$44.49,$44.88,$43.89
11/05/2020,$44.25,730602,$44.47,$44.52,$43.95
11/04/2020,$44.20,2873999,$43.23,$44.50,$43.23
11/03/2020,$41.88,1900883,$41.62,$42.05,$41.52
11/02/2020,$41.14,1058873,$40.84,$41.33,$40.74
10/30/2020,$39.99,1180392,$39.93,$40.15,$39.72
10/29/2020,$40.20,1266630,$40.21,$40.50,$39.89
10/28/2020,$40.09,1365230,$40.43,$40.62,$40.07
10/27/2020,$41.21,1286480,$41.47,$41.64,$41.14
10/26/2020,$41.23,1001144,$41.12,$41.35,$41.048
10/23/2020,$41.03,1633263,$41.17,$41.21,$40.81
10/22/2020,$40.95,941268,$40.95,$41.08,$40.75
10/21/2020,$41.08,1213425,$41.69,$41.71,$41.08
10/20/2020,$42.11,527125,$42.27,$42.44,$42.10
10/19/2020,$42.36,621602,$42.93,$43.00,$42.26
10/16/2020,$42.50,523658,$42.46,$42.92,$42.371
10/15/2020,$42.15,909963,$42.13,$42.35,$42.05
10/14/2020,$43.42,807374,$43.79,$43.85,$43.32
10/13/2020,$43.69,662677,$43.75,$43.80,$43.56
10/12/2020,$43.90,1071721,$44.27,$44.27,$43.84
10/09/2020,$44.03,836588,$43.88,$44.14,$43.79
10/08/2020,$42.97,636657,$42.93,$43.10,$42.76
10/07/2020,$42.68,598794,$42.85,$42.89,$42.60
10/06/2020,$42.93,611496,$43.31,$43.37,$42.87
10/05/2020,$43.58,825576,$43.44,$43.65,$43.37
10/02/2020,$43.23,809396,$42.79,$43.40,$42.79
10/01/2020,$42.79,1156261,$43.08,$43.14,$42.65
09/30/2020,$42.81,865815,$43.17,$43.18,$42.66
09/29/2020,$43.37,1584882,$43.455,$43.71,$43.27
09/28/2020,$44.11,781537,$44.42,$44.49,$44.04
09/25/2020,$44.82,619793,$44.49,$44.87,$44.28
09/24/2020,$44.70,569575,$44.54,$44.86,$44.29
09/23/2020,$44.86,1253391,$45.64,$45.68,$44.70
09/22/2020,$46.31,671620,$46.31,$46.35,$46.011
09/21/2020,$46.30,1162424,$46.34,$46.38,$45.746
09/18/2020,$46.84,1974711,$47.02,$47.15,$46.76
09/17/2020,$46.36,564583,$46.11,$46.48,$46.04
09/16/2020,$46.01,571538,$46.43,$46.50,$45.99
09/15/2020,$46.04,823120,$46.48,$46.54,$46.015
09/14/2020,$45.19,951875,$45.22,$45.55,$45.10
09/11/2020,$45.24,550189,$45.39,$45.45,$45.03
09/10/2020,$44.55,492284,$45.08,$45.20,$44.51
09/09/2020,$44.90,395591,$44.80,$45.13,$44.796
09/08/2020,$43.88,945666,$43.60,$44.25,$43.42
09/04/2020,$43.78,882365,$43.90,$44.00,$42.93
09/03/2020,$43.81,831212,$44.82,$44.82,$43.57
09/02/2020,$45.13,1635185,$44.70,$45.20,$44.68
09/01/2020,$44.50,1722207,$43.83,$44.60,$43.50
08/31/2020,$43.70,1045923,$43.29,$43.93,$43.20
08/28/2020,$43.42,1052186,$43.47,$43.55,$43.19
08/27/2020,$43.53,733959,$44.23,$44.24,$43.40
08/26/2020,$44.405,798157,$44.15,$44.45,$43.99
08/25/2020,$43.80,748260,$44.17,$44.20,$43.53
08/24/2020,$43.94,629462,$44.51,$44.58,$43.76
08/21/2020,$43.88,937126,$43.95,$44.10,$43.74
08/20/2020,$44.49,1622710,$44.35,$44.63,$44.194
08/19/2020,$43.82,684507,$44.13,$44.30,$43.82
08/18/2020,$43.56,704300,$43.48,$43.77,$43.335
08/17/2020,$43.34,1073186,$43.12,$43.54,$43.12
08/14/2020,$42.55,681342,$42.78,$42.85,$42.45
08/13/2020,$43.21,605256,$43.32,$43.50,$43.11
08/12/2020,$43.37,592152,$43.14,$43.55,$43.14
08/11/2020,$42.17,792391,$42.68,$42.68,$42.13
08/10/2020,$42.80,1529767,$42.86,$42.92,$42.67
08/07/2020,$43.01,959676,$43.16,$43.26,$42.78
08/06/2020,$43.43,628433,$43.55,$43.59,$43.14
08/05/2020,$43.40,659087,$43.89,$44.045,$43.32
08/04/2020,$43.83,512482,$43.70,$43.90,$43.54
08/03/2020,$44.16,1084217,$43.92,$44.27,$43.9075
07/31/2020,$43.10,580390,$44.10,$44.10,$42.90
07/30/2020,$44.39,883257,$43.90,$44.39,$43.73
07/29/2020,$44.75,2245890,$45.01,$45.03,$44.68
07/28/2020,$44.48,1153333,$44.26,$44.78,$44.13
07/27/2020,$43.78,1147633,$43.48,$43.78,$43.37
07/24/2020,$42.95,1345420,$43.00,$43.29,$42.71
07/23/2020,$44.03,2443802,$44.14,$44.51,$43.98
07/22/2020,$46.45,1014000,$45.52,$46.63,$45.35
07/21/2020,$45.28,940726,$45.61,$45.61,$43.41
07/20/2020,$45.40,1309335,$45.77,$45.81,$45.24
07/17/2020,$45.48,1439815,$45.34,$45.65,$45.34
07/16/2020,$44.93,600383,$44.85,$45.00,$44.515
07/15/2020,$44.73,727052,$44.88,$45.30,$44.62
07/14/2020,$44.48,922166,$43.932,$44.56,$43.87
07/13/2020,$44.19,1116891,$44.428,$44.73,$44.10
07/10/2020,$44.23,513904,$44.22,$44.27,$43.84
07/09/2020,$44.50,628817,$44.71,$44.85,$44.10
07/08/2020,$44.12,708743,$43.50,$44.16,$43.38
07/07/2020,$43.61,630904,$43.63,$43.96,$43.59
07/06/2020,$43.885,654295,$44.06,$44.17,$43.74
07/02/2020,$43.79,701782,$43.86,$44.01,$43.53
07/01/2020,$44.03,402562,$43.87,$44.18,$43.6101
06/30/2020,$43.38,1768243,$43.17,$43.53,$43.04
06/29/2020,$43.70,1518269,$43.70,$43.72,$43.2401
06/26/2020,$43.90,1060828,$44.27,$44.3399,$43.62
06/25/2020,$44.72,2252230,$43.952,$44.77,$43.767
06/24/2020,$43.54,1506945,$44.302,$44.54,$43.45
06/23/2020,$44.83,4056881,$44.83,$45.19,$44.79
06/22/2020,$44.89,3456248,$45.06,$45.09,$44.68
06/19/2020,$44.95,4103459,$45.00,$45.21,$44.72
06/18/2020,$44.38,1191321,$44.49,$44.52,$44.16
06/17/2020,$44.79,1180017,$44.64,$44.82,$44.515
06/16/2020,$43.595,945872,$43.60,$43.92,$43.16
06/15/2020,$43.26,1235838,$43.222,$43.65,$42.89
06/12/2020,$42.79,3832833,$43.27,$43.34,$42.50
06/11/2020,$42.54,746782,$44.03,$44.08,$42.46
06/10/2020,$43.83,682386,$43.765,$44.09,$43.69
06/09/2020,$43.61,912336,$43.515,$43.94,$43.31
06/08/2020,$42.87,1572922,$42.81,$43.94,$42.45
06/05/2020,$42.95,1942164,$42.90,$43.20,$42.69
06/04/2020,$43.30,4338530,$43.06,$43.7095,$42.99
06/03/2020,$43.94,2242588,$43.80,$44.139,$43.74
06/02/2020,$43.80,1341417,$43.10,$43.85,$43.045
06/01/2020,$43.43,948695,$43.469,$43.54,$43.30
05/29/2020,$43.35,2989570,$43.95,$44.00,$42.80
05/28/2020,$43.95,894685,$43.72,$44.265,$43.70
05/27/2020,$43.09,3392784,$43.08,$44.00,$42.55
05/26/2020,$44.13,950797,$44.61,$44.69,$44.10
05/22/2020,$44.70,1464752,$44.17,$44.73,$43.97
05/21/2020,$44.315,1111423,$44.90,$44.93,$44.16
05/20/2020,$44.93,1403610,$45.12,$45.16,$44.70
05/19/2020,$44.47,1235897,$44.74,$45.065,$44.45
05/18/2020,$45.13,4611302,$45.12,$45.50,$45.01
05/15/2020,$45.61,1434043,$45.54,$45.83,$45.30
05/14/2020,$45.08,1128959,$44.90,$45.20,$44.66
05/13/2020,$44.86,1068712,$45.173,$45.22,$44.55
05/12/2020,$44.52,2396373,$45.11,$45.21,$44.48
05/11/2020,$44.58,2419032,$43.84,$44.63,$43.76
05/08/2020,$44.04,1058690,$43.93,$44.13,$43.62
05/07/2020,$43.73,1382619,$44.16,$44.16,$43.51
05/06/2020,$44.3605,1181615,$44.31,$44.67,$44.16
05/05/2020,$43.705,1418496,$43.844,$43.98,$43.62
05/04/2020,$44.25,1956330,$44.522,$44.59,$43.61
05/01/2020,$42.84,823811,$43.29,$43.455,$42.51
04/30/2020,$43.47,6258019,$43.95,$43.95,$43.265
04/29/2020,$43.78,2689949,$44.15,$44.19,$43.64
04/28/2020,$45.28,2683209,$45.92,$46.00,$45.09
04/27/2020,$44.89,2491493,$44.80,$45.12,$44.56
04/24/2020,$45.06,1898860,$44.76,$45.24,$44.52
04/23/2020,$44.18,3265504,$44.437,$44.79,$43.91
04/22/2020,$44.64,6291075,$44.01,$44.75,$43.99
04/21/2020,$43.35,3661866,$42.60,$43.41,$42.56
04/20/2020,$43.205,2396642,$42.63,$43.70,$42.55
04/17/2020,$42.63,2104263,$42.43,$42.78,$42.08
04/16/2020,$41.79,3067104,$41.38,$41.89,$41.03
04/15/2020,$40.09,2706596,$40.23,$40.42,$39.94
04/14/2020,$40.80,4042562,$41.328,$41.57,$40.60
04/13/2020,$39.39,1493406,$39.95,$39.95,$39.1601
04/09/2020,$39.75,2082850,$39.68,$40.00,$39.17
04/08/2020,$40.35,1782412,$40.29,$40.42,$40.06
04/07/2020,$40.02,2806801,$41.20,$41.20,$39.99
04/06/2020,$41.65,2317366,$41.59,$41.812,$41.44
04/03/2020,$41.12,2374066,$41.33,$41.41,$40.7301
04/02/2020,$41.65,2585806,$40.43,$41.86,$40.40
04/01/2020,$40.80,2474091,$40.76,$41.33,$40.57
03/31/2020,$40.57,1924584,$40.77,$41.07,$40.23
03/30/2020,$40.88,2406993,$40.26,$40.99,$40.00
03/27/2020,$38.965,1693450,$37.97,$39.63,$37.93
03/26/2020,$38.78,3960381,$37.38,$38.97,$37.37
03/25/2020,$37.29,5534143,$36.703,$38.25,$36.42
03/24/2020,$37.175,3743233,$37.38,$37.50,$36.62
03/23/2020,$35.26,3875666,$36.27,$36.75,$35.04
03/20/2020,$36.085,4337176,$37.89,$38.29,$35.95
03/19/2020,$38.95,15566300,$37.20,$40.02,$36.88
03/18/2020,$37.71,5893653,$36.765,$38.4025,$36.06
03/17/2020,$39.29,4561135,$37.73,$39.49,$37.25
03/16/2020,$37.335,6226431,$36.58,$40.00,$36.00
03/13/2020,$40.30,11404470,$39.49,$42.07,$36.65
03/12/2020,$35.66,3264963,$37.11,$37.42,$35.28
03/11/2020,$39.17,1616829,$40.10,$40.13,$38.76
03/10/2020,$40.91,6615123,$40.769,$41.01,$39.60
03/09/2020,$39.58,1419018,$39.89,$40.73,$39.31
03/06/2020,$42.03,2342366,$41.70,$42.1295,$41.45
03/05/2020,$43.09,1113315,$43.015,$43.45,$42.78
03/04/2020,$43.64,1791513,$42.95,$43.72,$42.53
03/03/2020,$41.59,9557828,$42.395,$42.65,$41.20
03/02/2020,$41.20,10741700,$41.05,$41.24,$40.65
02/28/2020,$39.89,5378386,$40.01,$40.39,$39.58
02/27/2020,$40.785,1182120,$41.40,$41.83,$40.7501
02/26/2020,$42.15,1955748,$41.96,$42.444,$41.90
02/25/2020,$41.75,957275,$42.86,$42.90,$41.65
02/24/2020,$42.54,775873,$42.66,$42.99,$42.54
02/21/2020,$44.03,1888798,$44.00,$44.17,$43.94
02/20/2020,$43.86,1218248,$44.27,$44.30,$43.79
02/19/2020,$44.73,1414289,$44.43,$44.77,$44.40
02/18/2020,$44.095,800331,$43.83,$44.13,$43.83
02/14/2020,$43.39,2490306,$43.50,$43.56,$43.31
02/13/2020,$43.68,706388,$43.55,$44.03,$43.504
02/12/2020,$43.39,2508059,$43.26,$43.42,$43.07
02/11/2020,$43.41,1774315,$43.31,$43.59,$43.25
02/10/2020,$43.43,665967,$43.18,$43.47,$43.17
02/07/2020,$43.32,590816,$43.36,$43.46,$43.2801
02/06/2020,$43.432,1189204,$43.11,$43.44,$43.04
02/05/2020,$43.56,1055017,$43.75,$43.76,$43.46
02/04/2020,$42.39,1234930,$42.25,$42.49,$42.21
02/03/2020,$41.87,808286,$41.83,$42.14,$41.804
01/31/2020,$41.80,1661480,$42.41,$42.42,$41.61
01/30/2020,$42.51,1334315,$42.06,$44.21,$41.9202
01/29/2020,$41.47,787287,$41.61,$41.79,$41.45
01/28/2020,$41.19,1439795,$41.22,$41.32,$41.12
01/27/2020,$40.97,1806670,$40.94,$41.11,$40.88
01/24/2020,$41.20,2152251,$42.16,$42.16,$41.20
01/23/2020,$42.39,387967,$42.36,$42.43,$42.18
01/22/2020,$42.58,989030,$42.80,$42.88,$42.55
01/21/2020,$42.45,910172,$42.46,$42.67,$42.41
01/17/2020,$42.42,530520,$42.31,$42.45,$42.28
01/16/2020,$41.75,949007,$41.69,$41.78,$41.49
01/15/2020,$41.54,510061,$41.53,$41.67,$41.46
01/14/2020,$41.18,410758,$40.94,$41.20,$40.94
01/13/2020,$41.17,518447,$41.20,$41.22,$41.00
01/10/2020,$41.03,1022253,$40.95,$41.30,$40.95
01/09/2020,$40.86,395094,$40.84,$40.99,$40.82
01/08/2020,$40.84,575157,$40.71,$40.89,$40.71
01/07/2020,$40.70,1248963,$40.73,$40.75,$40.57
01/06/2020,$41.02,1561379,$40.51,$41.02,$40.51
01/03/2020,$40.65,5957865,$40.37,$40.81,$40.36
01/02/2020,$40.89,623312,$40.65,$41.00,$40.65
12/31/2019,$40.66,483753,$40.65,$40.80,$40.57
12/30/2019,$40.73,1953992,$40.61,$40.75,$40.44
12/27/2019,$40.64,2550075,$40.62,$40.81,$40.54
12/26/2019,$40.36,459106,$40.24,$40.49,$40.24
12/24/2019,$40.34,332838,$40.30,$40.47,$40.23
12/23/2019,$40.355,3510644,$40.18,$40.40,$40.10
12/20/2019,$39.88,879745,$39.75,$39.96,$39.712
12/19/2019,$39.38,1021068,$39.10,$39.45,$39.07
12/18/2019,$38.93,1248371,$38.80,$38.99,$38.68
12/17/2019,$38.65,660057,$38.62,$38.79,$38.61
12/16/2019,$38.61,964146,$38.59,$38.75,$38.53
12/13/2019,$38.16,1022002,$38.35,$38.42,$38.13
12/12/2019,$38.44,1212520,$38.26,$38.48,$38.26
12/11/2019,$38.49,1486512,$38.37,$38.59,$38.32
12/10/2019,$38.40,457842,$38.374,$38.53,$38.22
12/09/2019,$38.395,1986020,$38.39,$38.55,$38.37
12/06/2019,$38.57,1453829,$38.59,$38.62,$38.36
12/05/2019,$38.43,2388201,$38.51,$38.64,$38.39
12/04/2019,$38.52,339056,$38.26,$38.55,$38.26
12/03/2019,$38.19,714072,$37.98,$38.19,$37.87
12/02/2019,$38.42,653539,$38.49,$38.51,$38.19
11/29/2019,$38.57,314247,$38.47,$38.63,$38.47
11/27/2019,$38.55,3329695,$38.54,$38.65,$38.3837
11/26/2019,$38.78,1184570,$38.72,$38.87,$38.68
11/25/2019,$38.475,1137711,$38.11,$38.51,$38.11
11/22/2019,$38.07,884028,$38.12,$38.18,$37.94
11/21/2019,$38.23,1167062,$37.94,$38.30,$37.92
11/20/2019,$38.17,1350959,$38.13,$38.28,$38.03
11/19/2019,$38.30,1532968,$38.19,$38.32,$38.11
11/18/2019,$38.03,1242918,$37.78,$38.08,$37.77
11/15/2019,$37.53,2905956,$37.27,$37.58,$37.27
11/14/2019,$37.34,358819,$37.27,$37.34,$37.13
11/13/2019,$37.60,426333,$37.63,$37.65,$37.52
11/12/2019,$37.49,461867,$37.34,$37.55,$37.34
11/11/2019,$37.555,410333,$37.38,$37.56,$37.36
11/08/2019,$37.39,602461,$37.19,$37.40,$37.18
11/07/2019,$37.16,759045,$37.20,$37.23,$37.12
11/06/2019,$37.11,2600057,$37.085,$37.31,$37.00
11/05/2019,$37.00,1108699,$37.26,$37.302,$36.97
11/04/2019,$37.59,2021058,$37.682,$37.7865,$37.57
11/01/2019,$37.70,283178,$37.57,$37.79,$37.4408
10/31/2019,$37.62,610741,$37.50,$37.67,$37.465
10/30/2019,$37.50,597829,$37.27,$37.54,$37.21
10/29/2019,$36.95,584931,$36.99,$37.10,$36.91
10/28/2019,$37.02,1484398,$36.99,$37.18,$36.9518
10/25/2019,$37.00,517025,$36.84,$37.06,$36.82
10/24/2019,$36.70,342349,$36.555,$36.75,$36.55
10/23/2019,$36.48,918298,$36.51,$36.57,$36.39
10/22/2019,$36.26,765430,$36.45,$36.70,$36.22
10/21/2019,$36.73,584033,$36.72,$36.86,$36.67
10/18/2019,$36.81,450322,$36.73,$36.85,$36.62
10/17/2019,$36.56,1664742,$36.32,$36.58,$36.1894
10/16/2019,$35.74,1547141,$35.88,$35.91,$35.50
10/15/2019,$36.21,1090808,$36.23,$36.455,$36.18
10/14/2019,$36.02,569524,$35.94,$36.198,$35.8719
10/11/2019,$36.15,5568704,$36.18,$36.35,$36.12
10/10/2019,$35.99,2194018,$35.97,$36.15,$35.95
10/09/2019,$36.11,3617098,$35.98,$36.16,$35.91
10/08/2019,$35.97,3867383,$36.05,$36.12,$35.754
10/07/2019,$36.37,2795876,$36.33,$36.43,$36.30
10/04/2019,$36.17,2849277,$35.94,$36.22,$35.912
10/03/2019,$35.35,1599733,$35.20,$35.42,$35.12
10/02/2019,$35.35,7457430,$35.39,$35.47,$35.22
10/01/2019,$36.21,1390149,$36.17,$36.26,$36.05
09/30/2019,$36.45,8343550,$36.31,$36.56,$36.31
09/27/2019,$36.46,6152672,$36.28,$36.47,$36.2301
09/26/2019,$36.24,2981847,$35.99,$36.27,$35.90
09/25/2019,$35.57,806921,$35.64,$35.70,$35.516
09/24/2019,$35.65,361067,$35.825,$35.94,$35.65
09/23/2019,$35.72,635521,$35.578,$35.80,$35.56
09/20/2019,$35.71,845123,$35.82,$35.9499,$35.70
09/19/2019,$35.64,592728,$35.54,$35.78,$35.54
09/18/2019,$35.29,593989,$35.28,$35.42,$35.20
09/17/2019,$35.18,502080,$34.91,$35.23,$34.86
09/16/2019,$34.44,622048,$34.52,$34.58,$34.35
09/13/2019,$34.49,781301,$34.473,$34.66,$34.44
09/12/2019,$33.91,227307,$34.06,$34.16,$33.91
09/11/2019,$33.93,900928,$34.00,$34.15,$33.92
09/10/2019,$34.30,939051,$33.88,$34.35,$33.76
09/09/2019,$34.31,667073,$34.35,$34.42,$34.11
09/06/2019,$34.58,487487,$34.50,$34.747,$34.49
09/05/2019,$34.27,719406,$34.49,$34.53,$34.23
09/04/2019,$34.59,1002673,$34.59,$34.66,$34.49
09/03/2019,$34.33,808007,$34.14,$34.36,$34.14
08/30/2019,$34.18,2282057,$34.198,$34.27,$34.00
08/29/2019,$34.24,251221,$34.39,$34.44,$34.24
08/28/2019,$34.31,294067,$34.305,$34.50,$34.19
08/27/2019,$34.46,365821,$34.59,$34.68,$34.46
08/26/2019,$34.47,276143,$34.56,$34.61,$34.43
08/23/2019,$34.41,417677,$34.73,$34.95,$34.39
08/22/2019,$34.56,324391,$34.55,$34.67,$34.4175
08/21/2019,$34.78,573349,$34.92,$34.95,$34.72
08/20/2019,$34.71,1361118,$34.95,$34.96,$34.66
08/19/2019,$34.94,567941,$35.07,$35.12,$34.90
08/16/2019,$34.70,1653245,$34.74,$34.85,$34.66
08/15/2019,$34.56,860007,$34.44,$34.60,$34.35
08/14/2019,$34.48,2477941,$34.855,$34.92,$34.48
08/13/2019,$35.23,1178030,$35.09,$35.33,$35.02
08/12/2019,$34.89,445734,$35.059,$35.21,$25.10
08/09/2019,$34.91,863138,$35.23,$35.25,$34.89
08/08/2019,$34.60,390699,$34.32,$34.73,$34.31
08/07/2019,$33.88,923424,$33.78,$34.06,$33.70
08/06/2019,$33.885,926078,$33.81,$33.90,$33.57
08/05/2019,$33.69,1751260,$33.92,$33.96,$33.42
08/02/2019,$34.05,483533,$34.11,$34.14,$33.85
08/01/2019,$33.74,490987,$33.30,$33.94,$33.30
07/31/2019,$33.55,625172,$33.38,$33.90,$33.30
07/30/2019,$33.48,869847,$33.46,$33.62,$33.33
07/29/2019,$33.90,385171,$33.94,$33.99,$33.74
07/26/2019,$33.86,1166388,$33.89,$34.00,$33.802
07/25/2019,$33.27,1705407,$33.91,$33.93,$33.15
07/24/2019,$33.92,1954601,$33.59,$33.92,$33.48
07/23/2019,$33.93,989608,$33.61,$33.95,$33.53
07/22/2019,$33.69,912165,$33.68,$33.82,$33.63
07/19/2019,$33.6401,1335617,$33.57,$33.83,$33.49
07/18/2019,$34.47,705884,$34.43,$34.533,$34.24
07/17/2019,$34.17,1074671,$34.07,$34.22,$34.00
07/16/2019,$33.66,423662,$33.79,$33.81,$33.54
07/15/2019,$33.55,1211339,$33.43,$33.64,$33.41
07/12/2019,$33.34,1568469,$33.42,$33.55,$33.14
07/11/2019,$34.15,1150365,$34.71,$34.72,$34.05
07/10/2019,$34.74,306746,$34.93,$35.04,$34.68
07/09/2019,$34.70,1487559,$34.512,$34.80,$34.51
07/08/2019,$34.70,407725,$34.665,$34.79,$34.57
07/05/2019,$35.02,652531,$35.29,$35.32,$35.01
07/03/2019,$35.62,384710,$35.64,$35.69,$35.50
07/02/2019,$35.53,508910,$35.40,$35.53,$35.32
07/01/2019,$35.34,719050,$35.45,$35.50,$35.25
06/28/2019,$35.10,4124900,$35.00,$35.146,$34.8652
06/27/2019,$34.95,1616806,$34.90,$35.092,$34.87
06/26/2019,$34.97,2232188,$35.16,$35.21,$34.97
06/25/2019,$35.19,2977244,$35.48,$35.57,$35.17
06/24/2019,$35.385,707323,$35.32,$35.60,$35.27
06/21/2019,$35.60,691510,$35.44,$35.63,$35.3215
06/20/2019,$35.76,1041174,$35.88,$35.90,$35.65
06/19/2019,$35.23,1175576,$34.82,$35.25,$34.81
06/18/2019,$34.84,644877,$34.85,$34.95,$34.72
06/17/2019,$34.44,369504,$34.39,$34.52,$34.37
06/14/2019,$34.55,357730,$34.58,$34.72,$34.51
06/13/2019,$34.72,1829949,$34.855,$34.87,$34.63
06/12/2019,$34.64,1933371,$34.48,$34.83,$34.48
06/11/2019,$34.10,3386444,$34.57,$34.60,$34.08
06/10/2019,$34.22,1189400,$34.01,$34.35,$33.96
06/07/2019,$34.24,1162815,$34.00,$34.29,$33.98
06/06/2019,$33.80,587366,$33.68,$33.94,$33.675
06/05/2019,$33.27,868964,$33.48,$33.54,$33.24
06/04/2019,$33.18,761160,$33.29,$33.31,$33.00
06/03/2019,$33.21,1337675,$33.04,$33.32,$32.95
05/31/2019,$32.88,883365,$32.82,$32.94,$32.67
05/30/2019,$33.05,947168,$32.75,$33.17,$32.75
05/29/2019,$33.06,1409743,$32.84,$33.15,$32.70
05/28/2019,$33.24,810015,$33.50,$33.57,$33.19
05/24/2019,$34.00,625418,$34.01,$34.08,$33.85
05/23/2019,$33.75,1991752,$33.46,$33.78,$33.41
05/22/2019,$33.51,1766958,$32.98,$33.62,$32.97
05/21/2019,$33.05,1950834,$32.79,$33.08,$32.71
05/20/2019,$33.11,1015574,$32.81,$33.11,$32.73
05/17/2019,$32.84,1207797,$32.738,$32.99,$32.70
05/16/2019,$32.61,2301575,$32.56,$32.87,$32.55
05/15/2019,$32.04,984712,$31.88,$32.18,$31.825
05/14/2019,$32.03,717972,$31.95,$32.08,$31.86
05/13/2019,$31.99,763181,$31.93,$32.10,$31.805
05/10/2019,$32.06,703117,$32.15,$32.16,$31.82
05/09/2019,$32.13,738741,$32.30,$32.34,$32.024
05/08/2019,$32.60,818592,$32.68,$32.75,$32.58
05/07/2019,$32.48,605620,$32.84,$32.84,$32.45
05/06/2019,$33.01,575585,$32.73,$33.17,$32.72
05/03/2019,$33.23,1415561,$33.21,$33.27,$33.04
05/02/2019,$32.91,586755,$32.86,$32.96,$32.77
05/01/2019,$33.05,730580,$33.06,$33.25,$32.83
04/30/2019,$33.06,1244087,$32.78,$33.07,$32.74
04/29/2019,$32.65,554703,$32.55,$32.69,$32.52
04/26/2019,$32.66,547384,$32.51,$32.71,$32.48
04/25/2019,$32.45,1082397,$32.23,$32.5171,$32.18
04/24/2019,$32.77,1412772,$32.70,$32.79,$32.68
04/23/2019,$32.89,4401431,$32.59,$32.94,$32.5499
04/22/2019,$32.48,835335,$32.75,$32.91,$32.46
04/18/2019,$32.69,1265201,$32.77,$32.86,$32.48
04/17/2019,$32.72,903384,$33.35,$33.35,$32.65
04/16/2019,$33.06,1261486,$33.61,$33.66,$33.00
04/15/2019,$33.54,745512,$33.37,$33.54,$33.29
04/12/2019,$33.09,728704,$32.95,$33.31,$32.92
04/11/2019,$33.92,629447,$34.07,$34.10,$33.804
04/10/2019,$34.22,325832,$34.23,$34.39,$34.16
04/09/2019,$34.18,431103,$34.30,$34.35,$34.18
04/08/2019,$34.315,422981,$34.45,$34.48,$34.2301
04/05/2019,$34.22,722734,$34.16,$34.32,$34.13
04/04/2019,$34.28,543727,$34.21,$34.31,$34.15
04/03/2019,$34.38,717743,$34.15,$34.4299,$34.15
04/02/2019,$34.56,723103,$34.37,$34.57,$34.33
04/01/2019,$34.46,700191,$34.56,$34.57,$34.36
03/29/2019,$34.39,2629228,$34.13,$34.41,$34.02
03/28/2019,$34.10,1125151,$34.21,$34.30,$33.96
03/27/2019,$34.20,746783,$34.20,$34.31,$33.98
03/26/2019,$34.28,730119,$34.30,$34.35,$34.21
03/25/2019,$33.83,399601,$33.87,$33.931,$33.74
03/22/2019,$33.76,870522,$33.805,$33.9412,$33.67
03/21/2019,$34.12,683031,$33.74,$34.12,$33.72
03/20/2019,$34.09,901890,$33.72,$34.2099,$33.63
03/19/2019,$33.695,1529430,$33.86,$33.86,$33.664
03/18/2019,$33.86,367727,$33.81,$33.90,$33.718
03/15/2019,$33.93,548798,$33.95,$34.03,$33.82
03/14/2019,$34.21,920313,$33.75,$34.27,$33.75
03/13/2019,$33.74,480314,$33.65,$33.76,$33.61
03/12/2019,$33.55,506758,$33.53,$33.60,$33.46
03/11/2019,$33.61,488583,$33.50,$33.63,$33.462
03/08/2019,$33.62,563134,$33.38,$33.65,$33.10
03/07/2019,$33.50,880434,$33.73,$33.81,$33.45
03/06/2019,$34.82,318519,$34.88,$34.91,$34.63
03/05/2019,$34.84,605883,$34.64,$34.88,$34.62
03/04/2019,$34.79,1840137,$34.78,$34.86,$34.53
03/01/2019,$34.80,1198501,$34.77,$34.83,$34.64
02/28/2019,$34.65,1211913,$34.67,$34.98,$34.65
02/27/2019,$34.795,2156607,$34.72,$34.905,$34.72
02/26/2019,$34.81,998743,$34.78,$34.91,$34.73
02/25/2019,$34.605,1632621,$34.65,$34.675,$34.50
02/22/2019,$34.73,649094,$34.56,$34.75,$34.56
02/21/2019,$34.555,521911,$34.81,$34.85,$34.50
02/20/2019,$34.62,671999,$34.51,$34.70,$34.50
02/19/2019,$34.35,706240,$34.24,$34.40,$34.21
02/15/2019,$34.02,721866,$33.83,$34.02,$33.75
02/14/2019,$33.75,711873,$33.53,$33.88,$33.53
02/13/2019,$33.59,988198,$33.55,$33.75,$33.55
02/12/2019,$33.87,517512,$33.77,$33.93,$33.67
02/11/2019,$33.65,1720310,$33.65,$33.7181,$33.53
02/08/2019,$33.76,5907370,$33.32,$33.76,$33.30
02/07/2019,$33.21,777038,$33.41,$33.43,$33.14
02/06/2019,$33.46,1323691,$33.63,$33.64,$33.36
02/05/2019,$33.48,644704,$33.39,$33.63,$33.37
02/04/2019,$33.405,1679538,$33.26,$33.42,$33.1201
02/01/2019,$33.01,3422000,$32.86,$33.15,$32.84
01/31/2019,$33.30,1379514,$33.01,$33.31,$32.89
01/30/2019,$32.28,1005336,$32.24,$32.36,$32.05
01/29/2019,$32.27,3023646,$32.30,$32.418,$32.19
01/28/2019,$32.13,1050969,$32.18,$32.28,$32.00
01/25/2019,$32.055,2583183,$32.29,$32.29,$32.02
01/24/2019,$32.07,748194,$32.27,$32.29,$31.95
01/23/2019,$32.48,1529256,$32.57,$32.608,$32.37
01/22/2019,$32.205,1252353,$32.17,$32.395,$32.13
01/18/2019,$32.61,762005,$32.38,$32.63,$32.28
01/17/2019,$32.42,471504,$32.24,$32.54,$32.24
01/16/2019,$32.44,1000996,$32.44,$32.52,$32.36
01/15/2019,$32.49,3727330,$32.46,$32.72,$32.4501
01/14/2019,$32.33,2615118,$32.35,$32.40,$32.22
01/11/2019,$32.41,1340880,$32.57,$32.67,$32.31
01/10/2019,$32.595,1819341,$32.57,$32.71,$32.43
01/09/2019,$32.38,3936324,$32.29,$32.57,$32.25
01/08/2019,$32.35,1847240,$32.13,$32.39,$32.02
01/07/2019,$31.52,641310,$31.60,$31.72,$31.39
01/04/2019,$31.80,952375,$31.46,$31.91,$31.46
01/03/2019,$31.48,724460,$31.36,$31.60,$31.35
01/02/2019,$30.79,968806,$30.25,$30.87,$30.25
12/31/2018,$31.08,643337,$30.91,$31.17,$30.65
12/28/2018,$30.84,1134926,$30.91,$31.04,$30.67
12/27/2018,$30.07,972281,$29.90,$30.17,$29.45
12/26/2018,$30.65,869063,$30.24,$30.65,$29.83
12/24/2018,$29.955,602442,$30.00,$30.47,$29.90
12/21/2018,$30.20,1548068,$30.725,$30.73,$30.20
12/20/2018,$30.62,2108126,$30.95,$30.97,$30.37
12/19/2018,$30.24,1625428,$30.635,$30.774,$30.12
12/18/2018,$30.93,1345781,$31.23,$31.26,$30.77
12/17/2018,$31.05,744161,$31.14,$31.31,$30.86
12/14/2018,$31.09,5096152,$31.27,$31.43,$31.06
12/13/2018,$31.90,1924837,$32.02,$32.16,$31.81
12/12/2018,$32.26,4203450,$31.98,$32.40,$31.98
12/11/2018,$31.60,519665,$31.85,$31.85,$31.38
12/10/2018,$31.53,684891,$31.69,$31.71,$31.16
12/07/2018,$31.50,753904,$31.69,$31.78,$31.39
12/06/2018,$31.67,6217984,$31.31,$31.71,$31.1401
12/04/2018,$31.96,987912,$32.46,$32.54,$31.92
12/03/2018,$32.51,1247876,$32.47,$32.58,$32.30
11/30/2018,$32.43,2292689,$32.155,$32.50,$32.13
11/29/2018,$31.85,1262950,$31.63,$31.92,$31.62
11/28/2018,$31.97,1113155,$31.58,$32.00,$31.50
11/27/2018,$31.37,567321,$31.21,$31.44,$31.08
11/26/2018,$31.44,462571,$31.27,$31.45,$31.238
11/23/2018,$31.05,305630,$30.79,$31.20,$30.79
11/21/2018,$31.015,917544,$31.01,$31.178,$30.94
11/20/2018,$30.95,1125806,$31.01,$31.22,$30.95
11/19/2018,$30.98,657001,$31.095,$31.186,$30.90
11/16/2018,$31.40,930931,$30.92,$31.46,$30.92
11/15/2018,$31.01,1092471,$30.70,$31.04,$30.49
11/14/2018,$30.87,609880,$31.02,$31.08,$30.73
11/13/2018,$31.10,357120,$31.08,$31.22,$30.93
11/12/2018,$30.90,1202290,$31.08,$31.135,$30.86
11/09/2018,$31.295,934736,$31.12,$31.33,$31.04
11/08/2018,$31.00,1022168,$31.02,$31.11,$30.91
11/07/2018,$30.90,966018,$30.70,$30.90,$30.66
11/06/2018,$30.475,581044,$30.26,$30.48,$30.22
11/05/2018,$30.48,1357474,$30.51,$30.625,$30.38
11/02/2018,$29.82,1738009,$30.269,$30.30,$29.82
11/01/2018,$30.60,1772005,$30.74,$30.785,$30.53
10/31/2018,$30.36,2366776,$30.31,$30.44,$30.23
10/30/2018,$29.90,1259662,$29.50,$29.95,$29.4759
10/29/2018,$29.08,983017,$29.575,$29.63,$28.77
10/26/2018,$29.32,863302,$29.14,$29.45,$28.92
10/25/2018,$29.199,4241240,$28.81,$29.44,$28.74
10/24/2018,$29.39,3470937,$30.51,$30.5568,$29.24
10/23/2018,$30.795,1031619,$30.53,$30.90,$30.43
10/22/2018,$30.71,666101,$30.60,$30.74,$30.55
10/19/2018,$30.595,924522,$30.72,$30.85,$30.55
10/18/2018,$29.835,832803,$29.99,$30.13,$29.75
10/17/2018,$29.80,988044,$30.11,$30.14,$29.62
10/16/2018,$30.73,2561855,$30.12,$30.76,$30.04
10/15/2018,$29.675,743738,$29.61,$29.81,$29.59
10/12/2018,$29.695,939096,$29.85,$29.85,$29.41
10/11/2018,$29.63,1273301,$30.10,$30.12,$29.55
10/10/2018,$30.51,764946,$31.02,$31.03,$30.45
10/09/2018,$30.71,545060,$30.382,$30.78,$30.38
10/08/2018,$30.78,662834,$30.65,$30.83,$30.62
10/05/2018,$30.845,1376826,$30.885,$30.92,$30.67
10/04/2018,$30.63,550243,$30.76,$30.78,$30.56
10/03/2018,$30.63,1543080,$30.86,$30.91,$30.60
10/02/2018,$30.51,627098,$30.31,$30.51,$30.29
10/01/2018,$30.39,1738746,$30.33,$30.45,$30.16
09/28/2018,$30.16,772211,$30.34,$30.45,$30.16
09/27/2018,$30.31,470214,$30.31,$30.48,$30.27
09/26/2018,$30.54,622526,$30.23,$30.66,$30.20
09/25/2018,$30.55,449298,$30.46,$30.59,$30.45
09/24/2018,$30.17,515248,$30.25,$30.42,$30.17
09/21/2018,$30.62,522116,$30.67,$30.76,$30.62
09/20/2018,$30.60,412610,$30.45,$30.65,$30.44
09/19/2018,$30.55,1605780,$30.38,$30.57,$30.34
09/18/2018,$30.67,610981,$30.46,$30.73,$30.46
09/17/2018,$30.68,1319622,$30.73,$30.79,$30.61
09/14/2018,$30.75,344767,$30.75,$30.79,$30.63
09/13/2018,$30.95,742498,$31.05,$31.07,$30.89
09/12/2018,$30.84,286613,$30.75,$30.95,$30.74
09/11/2018,$30.50,321647,$30.42,$30.53,$30.37
09/10/2018,$30.69,335869,$30.54,$30.80,$30.54
09/07/2018,$30.67,535214,$30.615,$30.8175,$30.60
09/06/2018,$30.465,541600,$30.425,$30.48,$30.33
09/05/2018,$30.50,610330,$30.60,$30.71,$30.50
09/04/2018,$30.90,1193022,$30.67,$30.95,$30.66
08/31/2018,$30.96,771608,$31.08,$31.12,$30.87
08/30/2018,$31.13,460482,$31.10,$31.14,$31.02
08/29/2018,$31.19,1506253,$31.02,$31.19,$30.97
08/28/2018,$30.93,478888,$30.95,$31.04,$30.85
08/27/2018,$30.86,408246,$30.80,$30.93,$30.764
08/24/2018,$30.58,566968,$30.59,$30.65,$30.55
08/23/2018,$30.52,1242125,$30.61,$30.65,$30.51
08/22/2018,$30.66,782021,$30.75,$30.78,$30.59
08/21/2018,$30.86,1125366,$30.88,$30.90,$30.70
08/20/2018,$30.535,492692,$30.38,$30.54,$30.37
08/17/2018,$30.12,478731,$29.98,$30.2668,$29.98
08/16/2018,$29.95,634202,$30.02,$30.13,$29.92
08/15/2018,$29.94,866924,$29.86,$29.97,$29.69
08/14/2018,$30.21,1582655,$30.15,$30.24,$30.03
08/13/2018,$29.895,2955007,$29.88,$30.00,$29.8001
08/10/2018,$30.03,1968905,$30.05,$30.106,$29.95
08/09/2018,$30.30,572269,$30.34,$30.4193,$30.26
08/08/2018,$30.45,832216,$30.29,$30.53,$30.21
08/07/2018,$30.77,326310,$30.83,$30.90,$30.7502
08/06/2018,$30.61,798764,$30.53,$30.71,$30.47
08/03/2018,$30.91,1244626,$30.73,$30.92,$30.65
08/02/2018,$31.06,2112648,$30.695,$31.08,$30.67
08/01/2018,$30.57,491755,$30.615,$30.67,$30.51
07/31/2018,$30.67,1307757,$30.69,$30.77,$30.5806
07/30/2018,$30.66,847372,$30.63,$30.70,$30.53
07/27/2018,$30.60,1419553,$30.565,$30.61,$30.41
07/26/2018,$30.34,1430357,$30.17,$30.43,$30.12
07/25/2018,$30.28,1646137,$29.545,$30.35,$29.52
07/24/2018,$29.45,1953102,$29.35,$29.56,$29.34
07/23/2018,$29.39,1486671,$29.32,$29.42,$29.294
